{"cameraMode":{"drawMode":0,"name":"Shaded","section":"Shading Mode"},"sceneLighting":true,"audioPlay":false,"sceneViewState":{"showFog":true,"showMaterialUpdate":false,"showSkybox":true,"showFlares":true,"showImageEffects":true,"showParticleSystems":true},"in2DMode":false,"pivot":{"x":10.109809875488282,"y":-1.117613434791565,"z":9.01099967956543},"rotation":{"x":-0.03178304061293602,"y":-0.036561448127031329,"z":0.0011617903364822269,"w":-0.9988316893577576},"size":10.490887641906739,"orthographic":false}