{"cameraMode":{"drawMode":0,"name":"Shaded","section":"Shading Mode"},"sceneLighting":true,"audioPlay":false,"sceneViewState":{"showFog":true,"showMaterialUpdate":false,"showSkybox":false,"showFlares":true,"showImageEffects":true,"showParticleSystems":true},"in2DMode":false,"pivot":{"x":-1.1848068237304688,"y":-6.672529220581055,"z":-3.7148008346557619},"rotation":{"x":-0.06733888387680054,"y":0.9326590895652771,"z":-0.24941539764404298,"w":-0.25180521607398989},"size":23.060161590576173,"orthographic":false}