{"cameraMode":{"drawMode":0,"name":"Shaded","section":"Shading Mode"},"sceneLighting":true,"audioPlay":false,"sceneViewState":{"showFog":true,"showMaterialUpdate":false,"showSkybox":true,"showFlares":true,"showImageEffects":true,"showParticleSystems":true},"in2DMode":false,"pivot":{"x":16.557302474975587,"y":3.620480537414551,"z":7.158005237579346},"rotation":{"x":-0.0019742141012102367,"y":-0.9378788471221924,"z":-0.005337197333574295,"w":0.3469211757183075},"size":-5.395035266876221,"orthographic":false}