{"cameraMode":{"drawMode":0,"name":"Shaded","section":"Shading Mode"},"sceneLighting":true,"audioPlay":false,"sceneViewState":{"showFog":true,"showMaterialUpdate":false,"showSkybox":false,"showFlares":true,"showImageEffects":true,"showParticleSystems":true},"in2DMode":false,"pivot":{"x":-0.2902517318725586,"y":-3.8569700717926027,"z":-6.112769603729248},"rotation":{"x":-0.06733888387680054,"y":0.9326590895652771,"z":-0.24941539764404298,"w":-0.25180521607398989},"size":7.2936811447143559,"orthographic":false}