{"cameraMode":{"drawMode":0,"name":"Shaded","section":"Shading Mode"},"sceneLighting":true,"audioPlay":false,"sceneViewState":{"showFog":true,"showMaterialUpdate":false,"showSkybox":true,"showFlares":true,"showImageEffects":true,"showParticleSystems":true},"in2DMode":false,"pivot":{"x":8.562432289123536,"y":4.1330180168151859,"z":-4.685939788818359},"rotation":{"x":0.08426147699356079,"y":-0.355034202337265,"z":0.03215060755610466,"w":0.9304945468902588},"size":1.849919319152832,"orthographic":false}